Clé;Date mutation;Nature mutation;Valeur fonciere
5731;09/01/2020;Vente;83980
5732;06/01/2020;Vente;188900
5733;07/01/2020;Vente;371500
5734;09/01/2020;Vente;158500
5735;02/01/2020;Vente;122500
5737;16/01/2020;Vente;176000
5738;15/01/2020;Vente;262830
5740;20/01/2020;Vente;92860
5741;20/01/2020;Vente;139500
5742;17/01/2020;Vente;275500
5743;22/01/2020;Vente;98500
5745;22/01/2020;Vente;361550
5747;15/01/2020;Vente;154670
5748;13/01/2020;Vente;316200
5749;09/01/2020;Vente;102500
5750;28/01/2020;Vente;323100
5751;13/01/2020;Vente;90197
5752;17/01/2020;Vente;642500
5753;31/01/2020;Vente;215380
5754;16/01/2020;Vente;231000
5756;15/01/2020;Vente;159262
5757;16/01/2020;Vente;131788,5
5758;24/01/2020;Vente;161000
5759;24/01/2020;Vente;281400
5760;31/01/2020;Vente;783265
5762;24/01/2020;Vente;580000
5767;04/02/2020;Vente;235400
5768;27/01/2020;Vente;204354
5769;31/01/2020;Vente;92400
5770;29/01/2020;Vente;113000
5771;12/02/2020;Vente;136580
5772;29/01/2020;Vente;115050
5773;10/02/2020;Vente;298000
5774;14/02/2020;Vente;204920
5775;05/02/2020;Vente;126920
5776;07/02/2020;Vente;545000
5777;22/01/2020;Vente;58850
5778;06/02/2020;Vente;131600
5779;05/02/2020;Vente;92230
5780;10/02/2020;Vente;184000
5781;07/02/2020;Vente;258250
5782;31/01/2020;Vente;216315
5783;04/02/2020;Vente;172250
5784;05/02/2020;Vente;223200
5785;18/02/2020;Vente;63500
5786;12/02/2020;Vente;404900
5787;14/02/2020;Vente;143000
5788;21/02/2020;Vente;191210
5789;14/02/2020;Vente;188577
5790;20/02/2020;Vente;202736
5791;20/02/2020;Vente;147000
5792;18/02/2020;Vente;157300
5793;24/02/2020;Vente;123000
5794;06/02/2020;Vente;204870
5796;10/02/2020;Vente;192450
5797;17/02/2020;Vente;81150
5798;11/02/2020;Vente;132000
5799;21/02/2020;Vente;152250
5800;07/02/2020;Vente;83472,3
5801;02/03/2020;Vente;90500
5803;27/02/2020;Vente;80100
5804;12/02/2020;Vente;188000
5805;12/02/2020;Vente;331000
5806;12/02/2020;Vente;184250
5807;27/02/2020;Vente;78224,26
5808;10/02/2020;Vente;66972
5809;25/02/2020;Vente;183750
5810;09/03/2020;Vente;259400
5811;22/04/2020;Vente;125500
5812;29/04/2020;Vente;113142
5813;07/05/2020;Vente;63000
5814;30/04/2020;Vente;67000
5815;24/04/2020;Vente;257548
5816;30/04/2020;Vente;236320
5818;29/04/2020;Vente;159000
5820;29/04/2020;Vente;136000
5821;21/04/2020;Vente;237000
5822;25/02/2020;Vente;106900
5823;12/05/2020;Vente;74400
5824;14/05/2020;Vente;302150
5826;11/05/2020;Vente;399000
5827;15/05/2020;Vente;150540
5828;20/05/2020;Vente;62500
5829;18/05/2020;Vente;128000
5831;30/04/2020;Vente;452500
5832;04/05/2020;Vente;213000
5833;07/05/2020;Vente;269650
5834;20/05/2020;Vente;246800
5835;11/05/2020;Vente;156000
5836;26/05/2020;Vente;152750
5837;19/05/2020;Vente;86000
5838;15/05/2020;Vente;322200
5840;29/05/2020;Vente;98225
5842;05/05/2020;Vente;208663
5843;18/05/2020;Vente;141300
5845;15/05/2020;Vente;178250
5847;27/05/2020;Vente;110185
5848;29/05/2020;Vente;248700
5849;29/05/2020;Vente;251220
5850;20/05/2020;Vente;435000
5851;18/05/2020;Vente;130528
5852;25/05/2020;Vente;570000
5853;09/06/2020;Vente;88000
5854;29/05/2020;Vente;116000
5856;27/05/2020;Vente;155340
5857;29/05/2020;Vente;240000
5858;05/06/2020;Vente;157000
5859;13/05/2020;Vente;211000
5861;04/06/2020;Vente;167900
5862;14/05/2020;Vente;328760
5863;11/06/2020;Vente;263000
5864;25/05/2020;Vente;266050
5866;12/05/2020;Vente;120340
5867;18/05/2020;Vente;295590
5868;03/06/2020;Vente;163122,5
5869;10/06/2020;Vente;94000
5872;29/05/2020;Vente;104000
5873;19/05/2020;Vente;133190
5874;03/06/2020;Vente;138000
5875;26/05/2020;Vente;460000
5876;27/05/2020;Vente;148300
5877;05/06/2020;Vente;93500
5878;19/05/2020;Vente;111200
5880;03/06/2020;Vente;486340
5881;25/05/2020;Vente;598250
5882;15/06/2020;Vente;322989
5883;28/05/2020;Vente;332000
5885;20/05/2020;Vente;127000
5886;15/06/2020;Vente;235000
5887;16/06/2020;Vente;98900
5888;20/05/2020;Vente;232000
5889;27/05/2020;Vente;324923
5890;19/06/2020;Vente;490000
5891;29/05/2020;Vente;349000
5892;29/05/2020;Vente;68000
5893;12/06/2020;Vente;153846
5896;22/06/2020;Vente;174000
5897;05/06/2020;Vente;207500
5898;10/06/2020;Vente;100000
5899;04/06/2020;Vente;122670
5900;25/06/2020;Vente;255321
5902;24/06/2020;Vente;655800
5903;29/06/2020;Vente;40000
5904;22/06/2020;Vente;78000
5905;19/06/2020;Vente;184701
5906;25/06/2020;Vente;119500
5908;10/06/2020;Vente;255000
5909;26/06/2020;Vente;418000
5910;22/06/2020;Vente;325000
5912;12/06/2020;Vente;224700
5914;29/06/2020;Vente;166300
5916;10/06/2020;Vente;167000
5918;15/06/2020;Vente;350000
5920;19/06/2020;Vente;245000
5922;24/06/2020;Vente;360000
5923;29/06/2020;Vente;107510
5926;30/06/2020;Vente;124700
5927;25/06/2020;Vente;185960
5928;24/06/2020;Vente;234000
5930;20/05/2020;Vente;198350
5931;25/06/2020;Vente;162962
5932;30/04/2020;Vente;122480
5933;09/01/2020;Vente;138100
5934;20/01/2020;Vente;81000
5937;31/01/2020;Vente;152000
5940;23/01/2020;Vente;199000
5941;31/01/2020;Vente;100732
5942;23/01/2020;Vente;153000
5943;13/02/2020;Vente;205000
5945;19/02/2020;Vente;61000
5947;20/02/2020;Vente;139000
5951;30/04/2020;Vente;75000
5952;16/04/2020;Vente;275000
5959;20/05/2020;Vente;115800
5962;02/06/2020;Vente;124000
5963;29/05/2020;Vente;143500
5964;19/05/2020;Vente;156650
5965;18/05/2020;Vente;51000
5966;29/05/2020;Vente;55000
5967;19/06/2020;Vente;117000
5968;05/06/2020;Vente;75229
5970;19/06/2020;Vente;91000
5971;26/06/2020;Vente;168000
5973;30/06/2020;Vente;83120
5974;23/06/2020;Vente;179000
5975;24/06/2020;Vente;132650
5976;10/06/2020;Vente;70000
5979;02/06/2020;Vente;137900
7271;11/01/2020;Vente;111400
7272;20/01/2020;Vente;64500
7273;04/02/2020;Vente;182770
7274;05/02/2020;Vente;77850
7275;06/02/2020;Vente;202000
7276;05/02/2020;Vente;60000
7277;12/02/2020;Vente;147000
7278;24/01/2020;Vente;242319
7279;06/02/2020;Vente;217000
7282;12/02/2020;Vente;47500
7284;16/02/2020;Vente;106800
7286;29/01/2020;Vente;164700
7289;20/01/2020;Vente;507000
7290;03/02/2020;Vente;118950
7291;20/02/2020;Vente;85500
7292;19/02/2020;Vente;173000
7293;18/02/2020;Vente;109000
7295;14/02/2020;Vente;541500
7298;14/02/2020;Vente;70000
7300;27/02/2020;Vente;124000
7302;27/02/2020;Vente;161792
7303;19/02/2020;Vente;168000
7307;28/02/2020;Vente;71400
7308;27/02/2020;Vente;154000
7309;12/02/2020;Vente;267140
7310;20/02/2020;Vente;343000
7311;04/03/2020;Vente;90500
7314;09/04/2020;Vente;61750
7316;04/03/2020;Vente;80684,51
7318;10/04/2020;Vente;347900
7320;30/04/2020;Vente;54000
7322;05/05/2020;Vente;214970
7325;13/05/2020;Vente;73500
7326;15/05/2020;Vente;152200
7327;17/04/2020;Vente;75500
7328;11/05/2020;Vente;115500
7329;15/05/2020;Vente;496000
7331;26/05/2020;Vente;154155
7332;22/05/2020;Vente;338820
7334;03/06/2020;Vente;82000
7335;15/05/2020;Vente;126450
7336;12/05/2020;Vente;155050
7337;13/05/2020;Vente;180650
7339;13/05/2020;Vente;102000
7341;28/05/2020;Vente;76000
7345;22/05/2020;Vente;217200
7346;03/06/2020;Vente;262000
7347;29/05/2020;Vente;287000
7348;29/05/2020;Vente;62000
7351;25/05/2020;Vente;140000
7352;08/06/2020;Vente;148500
7353;18/05/2020;Vente;110000
7355;26/05/2020;Vente;255000
7357;05/06/2020;Vente;341900
7358;02/06/2020;Vente;135000
7359;15/06/2020;Vente;256868
7360;15/06/2020;Vente;156300
7364;23/06/2020;Vente;260000
7366;19/06/2020;Vente;90000
7367;22/06/2020;Vente;166000
2572;09/01/2020;Vente;175000
2573;10/01/2020;Vente;147000
2574;03/01/2020;Vente;69350
2575;07/01/2020;Vente;140000
2576;03/01/2020;Vente;146000
2577;13/01/2020;Vente;134000
2578;15/01/2020;Vente;90500
2579;10/01/2020;Vente;432000
2580;13/01/2020;Vente;251000
2581;10/01/2020;Vente;91000
2582;08/01/2020;Vente;187000
2583;14/01/2020;Vente;340000
2584;17/01/2020;Vente;52000
2585;09/01/2020;Vente;146400
2586;07/01/2020;Vente;75000
2587;09/01/2020;Vente;125000
2588;08/01/2020;Vente;68000
2589;08/01/2020;Vente;85000
2590;17/01/2020;Vente;44700
2591;10/01/2020;Vente;33000
2592;08/01/2020;Vente;65748
2593;07/01/2020;Vente;169600
2594;10/01/2020;Vente;105000
2595;07/01/2020;Vente;172000
2596;14/01/2020;Vente;218500
2597;10/01/2020;Vente;201400
2598;17/01/2020;Vente;227000
2599;10/01/2020;Vente;53000
2600;20/01/2020;Vente;54000
2601;27/01/2020;Vente;235000
2602;20/01/2020;Vente;28500
2603;22/01/2020;Vente;45500
2604;15/01/2020;Vente;86000
2605;20/01/2020;Vente;50000
2606;22/01/2020;Vente;46500
2607;07/01/2020;Vente;12000
2608;20/01/2020;Vente;73120
2609;21/01/2020;Vente;455000
2610;24/01/2020;Vente;59000
2611;14/01/2020;Vente;98500
2612;16/01/2020;Vente;114400
2613;17/01/2020;Vente;150408
2614;21/01/2020;Vente;99670
2615;21/01/2020;Vente;210000
2616;10/01/2020;Vente;114500
2617;13/01/2020;Vente;218600
2618;13/01/2020;Vente;206000
2619;27/01/2020;Vente;37000
2620;21/01/2020;Vente;35000
2621;23/01/2020;Vente;69000
2622;16/01/2020;Vente;700000
2623;13/01/2020;Vente;118700
2624;27/01/2020;Vente;61000
2625;16/01/2020;Vente;65550
2626;13/01/2020;Vente;48000
2627;21/01/2020;Vente;99900
2628;21/01/2020;Vente;86500
2629;28/01/2020;Vente;325000
2630;14/01/2020;Vente;28000
2631;24/01/2020;Vente;62000
2632;16/01/2020;Vente;253000
2633;22/01/2020;Vente;84000
2634;30/01/2020;Vente;112250
2635;10/01/2020;Vente;78000
2636;24/01/2020;Vente;577000
2637;28/01/2020;Vente;116000
2638;13/01/2020;Vente;380280
2639;29/01/2020;Vente;32000
2640;03/02/2020;Vente;67500
2641;20/01/2020;Vente;71000
2642;05/02/2020;Vente;60000
2643;30/01/2020;Vente;167000
2644;28/01/2020;Vente;81000
2645;28/01/2020;Vente;33500
2646;17/01/2020;Vente;38600
2647;07/02/2020;Vente;68000
2648;23/01/2020;Vente;138000
2649;27/01/2020;Vente;128000
2650;06/02/2020;Vente;68000
2651;27/01/2020;Vente;603800
2652;31/01/2020;Vente;66000
2653;31/01/2020;Vente;77000
2654;31/01/2020;Vente;1000000
2655;30/01/2020;Vente;131000
2656;11/02/2020;Vente;68001
2657;27/01/2020;Vente;37000
2658;21/01/2020;Vente;125000
2659;31/01/2020;Vente;185000
2660;29/01/2020;Vente;46000
2661;15/01/2020;Vente;110000
2662;11/02/2020;Vente;180000
2663;22/01/2020;Vente;79000
2664;21/01/2020;Vente;39500
2665;16/01/2020;Vente;217000
2666;30/01/2020;Vente;144600
2667;10/02/2020;Vente;100000
2668;11/02/2020;Vente;76800
2669;11/02/2020;Vente;107000
2670;31/01/2020;Vente;65000
2671;21/01/2020;Vente;18000
2672;17/01/2020;Vente;71800
2673;14/02/2020;Vente;58000
2674;10/02/2020;Vente;345000
2675;03/02/2020;Vente;117000
2676;11/02/2020;Vente;189000
2677;04/02/2020;Vente;89000
2678;17/02/2020;Vente;135000
2679;24/01/2020;Vente;79000
2680;10/02/2020;Vente;57000
2681;14/02/2020;Vente;105500
2682;14/02/2020;Vente;87000
2683;19/02/2020;Vente;58000
2684;10/02/2020;Vente;276500
2685;24/01/2020;Vente;92000
2686;12/02/2020;Vente;63000
2687;11/02/2020;Vente;169000
2688;17/02/2020;Vente;174000
2689;30/01/2020;Vente;72000
2690;14/02/2020;Vente;136000
2691;10/02/2020;Vente;195000
2692;11/02/2020;Vente;55500
2693;24/01/2020;Vente;86400
2694;04/02/2020;Vente;280500
2695;28/01/2020;Vente;208000
2696;20/02/2020;Vente;190000
2697;20/02/2020;Vente;83000
2698;30/01/2020;Vente;59000
2699;20/02/2020;Vente;34000
2700;12/02/2020;Vente;165000
2701;18/02/2020;Vente;49000
2702;10/02/2020;Vente;56000
2703;12/02/2020;Vente;180000
2704;17/02/2020;Vente;69000
2705;28/01/2020;Vente;78000
2706;12/02/2020;Vente;58200
2707;14/02/2020;Vente;73129
2708;06/02/2020;Vente;71700
2709;06/02/2020;Vente;41000
2710;17/02/2020;Vente;57000
2711;27/02/2020;Vente;75000
2712;05/02/2020;Vente;53000
2713;07/02/2020;Vente;157250
2714;17/02/2020;Vente;80000
2715;11/02/2020;Vente;178900
2716;03/02/2020;Vente;66000
2717;26/02/2020;Vente;52000
2718;21/02/2020;Vente;136000
2719;03/02/2020;Vente;139000
2720;24/02/2020;Vente;86000
2721;14/02/2020;Vente;36000
2722;14/02/2020;Vente;120133
2723;20/02/2020;Vente;64000
2724;17/02/2020;Vente;149500
2725;14/02/2020;Vente;134000
2726;28/02/2020;Vente;111000
2727;21/02/2020;Vente;222700
2728;20/02/2020;Vente;208000
2729;02/03/2020;Vente;165000
2730;07/02/2020;Vente;480850
2731;17/02/2020;Vente;72000
2732;26/02/2020;Vente;58000
2733;25/02/2020;Vente;176000
2734;11/02/2020;Vente;30000
2735;14/02/2020;Vente;205000
2736;10/02/2020;Vente;33308
2737;12/02/2020;Vente;110000
2738;21/02/2020;Vente;145000
2739;17/02/2020;Vente;32000
2740;13/02/2020;Vente;150000
2741;25/02/2020;Vente;93000
2742;22/01/2020;Vente;77000
2743;25/02/2020;Vente;293000
2744;26/02/2020;Vente;69000
2745;24/02/2020;Vente;202000
2746;05/03/2020;Vente;66000
2747;25/02/2020;Vente;34000
2748;19/02/2020;Vente;141950
2749;24/02/2020;Vente;228975
2750;18/02/2020;Vente;125700
2751;12/02/2020;Vente;48000
2752;14/02/2020;Vente;108000
2753;22/02/2020;Vente;160850
2754;15/02/2020;Vente;135000
2755;28/02/2020;Vente;43000
2756;21/02/2020;Vente;310500
2757;20/02/2020;Vente;83400
2758;21/02/2020;Vente;74000
2759;18/02/2020;Vente;175000
2760;03/03/2020;Vente;52000
2761;25/02/2020;Vente;68000
2762;25/02/2020;Vente;80000
2763;28/02/2020;Vente;55000
2764;12/02/2020;Vente;73000
2765;11/02/2020;Vente;347000
2766;12/02/2020;Vente;275000
2767;25/02/2020;Vente;54000
2768;28/02/2020;Vente;115000
2769;28/02/2020;Vente;43000
2770;05/03/2020;Vente;140000
2771;21/02/2020;Vente;197000
2772;06/03/2020;Vente;62000
2773;25/02/2020;Vente;240000
2774;21/02/2020;Vente;120000
2775;02/03/2020;Vente;71000
2776;02/03/2020;Vente;81350
2777;09/03/2020;Vente;72000
2778;27/02/2020;Vente;38000
2779;05/03/2020;Vente;80000
2780;17/03/2020;Vente;83000
2781;13/03/2020;Vente;175500
2782;28/02/2020;Vente;182000
2783;06/03/2020;Vente;145500
2784;06/03/2020;Vente;170600
2785;11/03/2020;Vente;223000
2786;13/03/2020;Vente;87000
2787;16/03/2020;Vente;95000
2788;13/03/2020;Vente;115000
2789;02/03/2020;Vente;320000
2790;09/03/2020;Vente;405100
2791;16/03/2020;Vente;50000
2792;04/03/2020;Vente;83000
2793;05/03/2020;Vente;48000
2794;12/03/2020;Vente;80000
2795;12/03/2020;Vente;80000
2796;28/02/2020;Vente;6500
2797;13/03/2020;Vente;34000
2798;13/03/2020;Vente;113000
2799;28/02/2020;Vente;121900
2800;02/03/2020;Vente;169000
2801;06/03/2020;Vente;108000
2802;09/03/2020;Vente;68000
2803;11/03/2020;Vente;49000
2804;12/03/2020;Vente;67000
2805;16/03/2020;Vente;29500
2806;27/02/2020;Vente;214000
2807;03/03/2020;Vente;153000
2808;13/03/2020;Vente;137000
2809;12/03/2020;Vente;38000
2810;16/03/2020;Vente;85000
2811;27/02/2020;Vente;112000
2812;26/02/2020;Vente;137850
2813;24/02/2020;Vente;154150
2814;16/03/2020;Vente;111630
2815;11/03/2020;Vente;75000
2816;11/03/2020;Vente;91500
2817;11/03/2020;Vente;60000
2818;17/03/2020;Vente;127000
2819;09/03/2020;Vente;115000
2820;25/02/2020;Vente;84000
2821;05/03/2020;Vente;173000
2822;11/03/2020;Vente;45000
2823;17/03/2020;Vente;67000
2824;21/02/2020;Vente;73000
2825;06/03/2020;Vente;42000
2826;06/03/2020;Vente;60000
2827;13/03/2020;Vente;178650
2828;16/03/2020;Vente;155000
2829;09/03/2020;Vente;60000
2830;11/03/2020;Vente;35500
2831;09/03/2020;Vente;174000
2832;16/03/2020;Vente;144450
2833;10/03/2020;Vente;70000
2834;09/03/2020;Vente;68500
2835;13/03/2020;Vente;76000
2836;12/03/2020;Vente;280000
2837;10/03/2020;Vente;218000
2838;06/03/2020;Vente;99000
2839;06/03/2020;Vente;90000
2840;07/04/2020;Vente;98000
2841;10/03/2020;Vente;27000
2842;09/03/2020;Vente;47500
2843;16/03/2020;Vente;42000
2844;02/03/2020;Vente;70000
2845;12/03/2020;Vente;55100
2846;25/03/2020;Vente;154500
2847;02/04/2020;Vente;130000
2848;11/03/2020;Vente;90000
2849;09/03/2020;Vente;99000
2850;12/03/2020;Vente;45000
2851;16/03/2020;Vente;30000
2852;06/04/2020;Vente;188000
2853;30/03/2020;Vente;139500
2854;20/02/2020;Vente;400000
2855;16/03/2020;Vente;106542
2856;05/03/2020;Vente;80200
2857;16/03/2020;Vente;74000
2858;13/03/2020;Vente;61500
2859;03/04/2020;Vente;225163
2860;14/04/2020;Vente;137000
2861;13/03/2020;Vente;610000
2862;16/03/2020;Vente;164000
2863;16/03/2020;Vente;131100
2864;16/04/2020;Vente;50000
2865;17/04/2020;Vente;122000
2866;15/04/2020;Vente;160000
2867;17/04/2020;Vente;85000
2868;09/04/2020;Vente;30000
2869;02/03/2020;Vente;90000
2870;09/03/2020;Vente;110000
2871;01/04/2020;Vente;140000
2872;03/04/2020;Vente;149000
2873;04/03/2020;Vente;152000
2874;12/03/2020;Vente;126500
2875;06/03/2020;Vente;135000
2876;14/04/2020;Vente;118000
2877;30/03/2020;Vente;260000
2878;17/04/2020;Vente;25000
2879;23/04/2020;Vente;121000
2880;27/04/2020;Vente;294000
2881;20/04/2020;Vente;130000
2882;17/04/2020;Vente;129000
2883;28/04/2020;Vente;108000
2884;09/03/2020;Vente;82422
2885;06/03/2020;Vente;45000
2886;13/03/2020;Vente;88500
2887;21/04/2020;Vente;195000
2888;29/04/2020;Vente;105000
2889;29/04/2020;Vente;48500
2890;28/04/2020;Vente;107000
2891;13/03/2020;Vente;299000
2892;16/03/2020;Vente;298000
2893;07/01/2020;Vente;82500
2894;06/01/2020;Vente;82000
2895;06/01/2020;Vente;265000
2896;07/01/2020;Vente;74900
2897;08/01/2020;Vente;76500
2898;06/01/2020;Vente;144000
2899;15/01/2020;Vente;143970
2900;08/01/2020;Vente;215000
2901;13/01/2020;Vente;116590
2902;07/01/2020;Vente;107000
2903;09/01/2020;Vente;67000
2904;10/01/2020;Vente;94000
2905;03/01/2020;Vente;121000
2906;06/01/2020;Vente;144950
2907;16/01/2020;Vente;355000
2908;14/01/2020;Vente;303100
2909;20/01/2020;Vente;160000
2910;14/01/2020;Vente;370000
2911;10/01/2020;Vente;157000
2912;24/01/2020;Vente;168000
2913;23/01/2020;Vente;113000
2914;10/01/2020;Vente;124600
2915;13/01/2020;Vente;242400
2916;15/01/2020;Vente;281600
2917;16/01/2020;Vente;122000
2918;10/01/2020;Vente;247700
2919;28/01/2020;Vente;115000
2920;22/01/2020;Vente;102000
2921;28/01/2020;Vente;119183
2922;14/01/2020;Vente;114141
2923;13/01/2020;Vente;126000
2924;09/01/2020;Vente;143000
2925;27/01/2020;Vente;269000
2926;16/01/2020;Vente;183000
2927;30/01/2020;Vente;88000
2928;24/01/2020;Vente;240000
2929;13/01/2020;Vente;62919
2930;04/02/2020;Vente;205000
2931;24/01/2020;Vente;112000
2932;24/01/2020;Vente;102635
2933;08/01/2020;Vente;201400
2934;24/01/2020;Vente;569500
2935;16/01/2020;Vente;139000
2936;23/01/2020;Vente;97000
2937;20/01/2020;Vente;332500
2938;30/01/2020;Vente;356000
2939;28/01/2020;Vente;142000
2940;23/01/2020;Vente;87000
2941;30/01/2020;Vente;113150
2942;24/01/2020;Vente;133000
2943;29/01/2020;Vente;142000
2944;05/02/2020;Vente;80000
2945;27/01/2020;Vente;89000
2946;09/01/2020;Vente;118000
2947;06/02/2020;Vente;725000
2948;07/02/2020;Vente;199000
2949;14/01/2020;Vente;71000
2950;23/01/2020;Vente;290800
2951;23/01/2020;Vente;126000
2952;06/02/2020;Vente;120000
2953;06/02/2020;Vente;58000
2954;31/01/2020;Vente;268400
2955;24/01/2020;Vente;86820
2956;07/02/2020;Vente;218200
2957;28/01/2020;Vente;270000
2958;30/01/2020;Vente;55000
2959;04/02/2020;Vente;63000
2960;12/02/2020;Vente;91650
2961;11/02/2020;Vente;137000
2962;24/01/2020;Vente;115900
2963;30/01/2020;Vente;75000
2964;30/01/2020;Vente;217000
2965;17/02/2020;Vente;298000
2966;24/02/2020;Vente;190000
2967;18/02/2020;Vente;204000
2968;14/02/2020;Vente;498400
2969;24/02/2020;Vente;87000
2970;21/02/2020;Vente;164000
2971;05/02/2020;Vente;105000
2972;18/02/2020;Vente;58000
2973;26/02/2020;Vente;165000
2974;14/02/2020;Vente;56500
2975;13/02/2020;Vente;196000
2976;26/02/2020;Vente;107500
2977;07/02/2020;Vente;133000
2978;21/02/2020;Vente;122000
2979;25/02/2020;Vente;92000
2980;26/02/2020;Vente;215000
2981;28/02/2020;Vente;89000
2982;02/03/2020;Vente;149000
2983;26/02/2020;Vente;95500
2984;12/02/2020;Vente;18000
2985;12/02/2020;Vente;229000
2986;18/02/2020;Vente;311000
2987;25/02/2020;Vente;170000
2988;02/03/2020;Vente;106512
2989;09/03/2020;Vente;585000
2990;20/02/2020;Vente;142500
2991;13/02/2020;Vente;90000
2992;02/03/2020;Vente;100000
2993;02/03/2020;Vente;55000
2994;05/03/2020;Vente;137000
2995;03/03/2020;Vente;219000
2996;06/03/2020;Vente;180000
2997;12/03/2020;Vente;625000
2998;13/03/2020;Vente;155000
2999;03/03/2020;Vente;175000
3000;06/03/2020;Vente;140600
3001;03/03/2020;Vente;54000
3002;26/02/2020;Vente;140000
3003;09/03/2020;Vente;384000
3004;04/03/2020;Vente;295000
3005;17/03/2020;Vente;146110
3006;10/03/2020;Vente;209000
3007;08/04/2020;Vente;171000
3008;09/04/2020;Vente;245000
3009;10/04/2020;Vente;65000
3010;24/04/2020;Vente;30000
3011;05/05/2020;Vente;106000
3012;29/04/2020;Vente;230000
3013;11/05/2020;Vente;192000
3014;06/05/2020;Vente;205000
3015;27/02/2020;Vente;265000
3016;03/01/2020;Vente;70000
3019;07/01/2020;Vente;159000
3020;07/01/2020;Vente;87000
3023;09/01/2020;Vente;101250
3024;10/01/2020;Vente;121000
3025;08/01/2020;Vente;223400
3028;06/01/2020;Vente;298000
3029;07/01/2020;Vente;361000
3031;09/01/2020;Vente;90500
3034;07/01/2020;Vente;162000
3035;13/01/2020;Vente;167000
3036;13/01/2020;Vente;229400
3037;17/01/2020;Vente;112000
3042;07/01/2020;Vente;218000
3044;23/01/2020;Vente;74000
3045;07/01/2020;Vente;88000
3048;08/01/2020;Vente;242000
3049;02/01/2020;Vente;298100
3052;27/01/2020;Vente;142000
3054;28/01/2020;Vente;649000
3057;15/01/2020;Vente;173300
3060;13/01/2020;Vente;194000
3064;17/01/2020;Vente;198000
3065;17/01/2020;Vente;111800
3066;22/01/2020;Vente;57000
3067;15/01/2020;Vente;255000
3068;13/01/2020;Vente;144320
3070;15/01/2020;Vente;194500
3071;23/01/2020;Vente;133000
3073;24/01/2020;Vente;526100
3074;23/01/2020;Vente;210500
3076;14/01/2020;Vente;143000
3078;20/01/2020;Vente;175000
3079;06/01/2020;Vente;91000
3081;13/01/2020;Vente;288650
3082;15/01/2020;Vente;177500
3085;24/01/2020;Vente;260000
3086;20/01/2020;Vente;472450
3088;13/01/2020;Vente;370000
3090;27/01/2020;Vente;93350
3091;31/01/2020;Vente;146750
3092;03/02/2020;Vente;106000
3098;27/01/2020;Vente;123000
3099;27/01/2020;Vente;102000
3100;28/01/2020;Vente;127000
3101;03/02/2020;Vente;214200
3102;04/02/2020;Vente;184000
3103;29/01/2020;Vente;137500
3105;07/02/2020;Vente;201000
3109;20/01/2020;Vente;148000
3110;23/01/2020;Vente;102500
3112;24/01/2020;Vente;135000
3115;07/02/2020;Vente;123700
3122;06/02/2020;Vente;150000
3125;27/01/2020;Vente;154225
3126;20/01/2020;Vente;365000
3130;27/01/2020;Vente;262000
3131;31/01/2020;Vente;560000
3132;12/02/2020;Vente;71000
3139;14/02/2020;Vente;275000
3146;04/02/2020;Vente;178000
3150;14/02/2020;Vente;446700
3151;11/02/2020;Vente;302000
3152;06/02/2020;Vente;340000
3153;14/02/2020;Vente;101000
3154;07/02/2020;Vente;86000
3155;17/02/2020;Vente;200000
3157;17/02/2020;Vente;263000
3158;17/02/2020;Vente;234000
3159;21/02/2020;Vente;139000
3160;13/02/2020;Vente;265000
3161;12/02/2020;Vente;153000
3162;13/02/2020;Vente;196700
3163;10/02/2020;Vente;220000
3164;18/02/2020;Vente;132050
3165;14/02/2020;Vente;219000
3166;06/02/2020;Vente;306600
3168;14/02/2020;Vente;362200
3171;12/02/2020;Vente;152000
3173;18/02/2020;Vente;134000
3175;14/02/2020;Vente;305000
3177;28/02/2020;Vente;324000
3178;21/02/2020;Vente;125000
3181;20/02/2020;Vente;99000
3182;17/02/2020;Vente;256500
3183;26/02/2020;Vente;105000
3184;26/02/2020;Vente;257000
3185;11/02/2020;Vente;118000
3189;14/02/2020;Vente;55990
3190;12/02/2020;Vente;132000
3195;14/02/2020;Vente;320400
3199;26/02/2020;Vente;92000
3200;26/02/2020;Vente;284500
3201;20/02/2020;Vente;135000
3205;27/02/2020;Vente;109000
3209;21/02/2020;Vente;385000
3210;28/02/2020;Vente;118500
3211;05/03/2020;Vente;103000
3216;18/02/2020;Vente;78000
3219;03/03/2020;Vente;190000
3220;05/03/2020;Vente;159000
3221;03/03/2020;Vente;122000
3222;06/03/2020;Vente;139100
3224;02/03/2020;Vente;145000
3225;05/03/2020;Vente;70000
3228;20/02/2020;Vente;375000
3230;28/02/2020;Vente;130000
3235;17/02/2020;Vente;232850
3237;27/02/2020;Vente;150000
3238;11/03/2020;Vente;425000
3239;10/03/2020;Vente;133080
3240;03/03/2020;Vente;238000
3241;04/03/2020;Vente;120400
3242;04/03/2020;Vente;93000
3247;28/02/2020;Vente;290000
3248;28/02/2020;Vente;129000
3249;28/02/2020;Vente;263400
3250;03/03/2020;Vente;390000
3252;12/03/2020;Vente;160000
3255;03/03/2020;Vente;119000
3257;05/03/2020;Vente;210000
3258;09/03/2020;Vente;225300
3265;16/03/2020;Vente;89000
3266;13/03/2020;Vente;405800
3268;09/03/2020;Vente;397950
3271;26/02/2020;Vente;147000
3275;21/02/2020;Vente;192000
3280;10/03/2020;Vente;230000
3283;13/03/2020;Vente;140000
3284;13/03/2020;Vente;417000
3285;25/02/2020;Vente;472600
3286;11/03/2020;Vente;156000
3288;02/04/2020;Vente;218000
3289;02/04/2020;Vente;123000
3290;06/03/2020;Vente;250000
3295;12/03/2020;Vente;35000
3297;13/03/2020;Vente;497000
3301;09/03/2020;Vente;142000
3302;16/03/2020;Vente;159500
3307;17/03/2020;Vente;155000
3308;30/03/2020;Vente;146400
3310;12/03/2020;Vente;97000
3311;12/03/2020;Vente;190000
3312;12/03/2020;Vente;85000
3315;28/02/2020;Vente;270000
3316;20/03/2020;Vente;90000
3318;19/03/2020;Vente;310000
3320;13/03/2020;Vente;260000
3321;17/03/2020;Vente;140000
3322;07/01/2020;Vente;123000
3323;08/01/2020;Vente;148000
3324;16/01/2020;Vente;249650
3325;10/01/2020;Vente;285000
3326;02/01/2020;Vente;163500
3328;13/01/2020;Vente;111470
3329;13/01/2020;Vente;241000
3330;10/01/2020;Vente;149000
3331;09/01/2020;Vente;178000
3332;09/01/2020;Vente;252750
3333;27/01/2020;Vente;155000
3335;21/01/2020;Vente;187190
3336;24/01/2020;Vente;107000
3337;09/01/2020;Vente;127000
3338;13/01/2020;Vente;399500
3341;30/01/2020;Vente;184300
3342;20/01/2020;Vente;366700
3343;24/01/2020;Vente;101500
3344;23/01/2020;Vente;120700
3345;10/01/2020;Vente;129000
3346;21/01/2020;Vente;58850
3347;20/01/2020;Vente;162300
3348;27/01/2020;Vente;132000
3349;14/01/2020;Vente;197000
3350;24/01/2020;Vente;136000
3352;03/02/2020;Vente;257000
3353;04/02/2020;Vente;34000
3354;30/01/2020;Vente;273000
3355;04/02/2020;Vente;88500
3356;30/01/2020;Vente;73000
3357;04/02/2020;Vente;265000
3358;29/01/2020;Vente;152611
3359;07/02/2020;Vente;152000
3360;07/02/2020;Vente;235200
3361;30/01/2020;Vente;84000
3362;11/02/2020;Vente;105000
3364;24/01/2020;Vente;164500
3365;23/01/2020;Vente;90500
3367;30/01/2020;Vente;81500
3368;04/02/2020;Vente;163000
3369;05/02/2020;Vente;79000
3370;28/01/2020;Vente;35000
3371;20/01/2020;Vente;224500
3372;30/01/2020;Vente;40000
3373;11/02/2020;Vente;109000
3374;12/02/2020;Vente;119000
3375;11/02/2020;Vente;30000
3376;03/02/2020;Vente;136000
3378;06/02/2020;Vente;88000
3379;03/02/2020;Vente;213000
3380;10/02/2020;Vente;355000
3382;21/02/2020;Vente;56000
3383;13/02/2020;Vente;419000
3385;19/02/2020;Vente;210000
3386;24/02/2020;Vente;79500
3387;27/02/2020;Vente;67000
3388;06/02/2020;Vente;250300
3389;18/02/2020;Vente;269000
3392;28/02/2020;Vente;86000
3393;17/02/2020;Vente;104000
3394;14/02/2020;Vente;277400
3395;17/02/2020;Vente;146500
3396;20/01/2020;Vente;40000
3397;13/02/2020;Vente;238095
3398;03/03/2020;Vente;135000
3399;17/02/2020;Vente;269500
3400;08/02/2020;Vente;170100
3402;28/02/2020;Vente;155000
3403;19/02/2020;Vente;139000
3404;02/03/2020;Vente;110000
3405;27/02/2020;Vente;280000
3407;20/02/2020;Vente;210000
3408;27/02/2020;Vente;97000
3409;27/02/2020;Vente;150500
3410;28/02/2020;Vente;170000
3411;13/02/2020;Vente;110500
3412;24/02/2020;Vente;160000
3413;25/02/2020;Vente;109250
3415;12/03/2020;Vente;142590
3416;19/02/2020;Vente;83000
3417;04/03/2020;Vente;390000
3418;13/03/2020;Vente;157900
3422;20/02/2020;Vente;146090
3424;06/03/2020;Vente;289100
3425;25/02/2020;Vente;175000
3426;06/03/2020;Vente;158500
3427;21/02/2020;Vente;210627
3428;28/02/2020;Vente;65000
3429;09/03/2020;Vente;136750
3430;05/03/2020;Vente;181660
3431;25/02/2020;Vente;55000
3432;13/03/2020;Vente;195000
3433;12/03/2020;Vente;138000
3434;10/04/2020;Vente;250000
3435;17/03/2020;Vente;214400
3436;06/03/2020;Vente;411050
3437;16/03/2020;Vente;159000
3438;11/03/2020;Vente;100800
3439;15/04/2020;Vente;62000
3440;08/04/2020;Vente;214000
3441;13/03/2020;Vente;188000
3442;17/03/2020;Vente;150844,4
3443;21/04/2020;Vente;74229
3444;17/04/2020;Vente;169000
3445;15/04/2020;Vente;78500
3447;21/04/2020;Vente;165250
3448;09/04/2020;Vente;60000
3449;24/04/2020;Vente;192000
3450;28/04/2020;Vente;87000
3452;11/03/2020;Vente;240000
3453;17/04/2020;Vente;84000
3454;27/02/2020;Vente;184000
3455;30/04/2020;Vente;269000
3456;07/05/2020;Vente;172000
3457;12/05/2020;Vente;67153
3458;30/04/2020;Vente;80000
3459;30/04/2020;Vente;172628
3460;13/05/2020;Vente;142000
3463;06/05/2020;Vente;395000
3464;06/05/2020;Vente;220000
3465;11/05/2020;Vente;167000
3466;12/05/2020;Vente;168650
3467;13/05/2020;Vente;154900
3468;30/04/2020;Vente;143000
3469;14/05/2020;Vente;217500
3470;16/03/2020;Vente;320000
3471;15/05/2020;Vente;224850
3472;18/05/2020;Vente;153000
3473;04/05/2020;Vente;70000
3474;19/05/2020;Vente;88000
3475;04/05/2020;Vente;289000
3476;14/05/2020;Vente;170000
3477;12/05/2020;Vente;118500
3479;13/05/2020;Vente;215000
3480;20/05/2020;Vente;103000
3481;18/05/2020;Vente;247000
3482;19/05/2020;Vente;120200
3483;19/05/2020;Vente;117000
3484;06/05/2020;Vente;195000
3485;26/05/2020;Vente;161850
3486;20/05/2020;Vente;100000
3487;13/05/2020;Vente;58000
3488;11/05/2020;Vente;225500
3489;14/05/2020;Vente;495000
3490;28/05/2020;Vente;224000
3491;28/05/2020;Vente;120000
3492;08/06/2020;Vente;96150
3493;27/05/2020;Vente;396500
3494;04/06/2020;Vente;245000
3496;10/06/2020;Vente;220000
3497;03/06/2020;Vente;149950
3498;27/05/2020;Vente;126000
3499;15/06/2020;Vente;55000
3500;11/06/2020;Vente;204000
3501;09/06/2020;Vente;142620
3502;25/05/2020;Vente;139000
3503;26/05/2020;Vente;183000
3504;08/06/2020;Vente;89000
3505;18/06/2020;Vente;509500
3506;13/05/2020;Vente;163000
3507;05/06/2020;Vente;105000
3508;09/06/2020;Vente;156000
3509;27/04/2020;Vente;132000
3510;04/06/2020;Vente;76000
